Top pages,Clicks,Impressions,CTR,Position
https://awceugene.com/,41,1230,3.33%,14.96
https://awceugene.com/neuropathy/,7,333,2.1%,12.41
https://awceugene.com/bioidentical-hormones/,3,201,1.49%,24.46
https://awceugene.com/joint-injections/,2,206,0.97%,26.88
https://awceugene.com/medical-weight-loss/,1,567,0.18%,10.8
https://awceugene.com/services/,1,380,0.26%,6.08
https://awceugene.com/about/,1,313,0.32%,5.13
https://awceugene.com/new-patients/,1,237,0.42%,4.01
https://awceugene.com/pain-relief/,1,118,0.85%,20.69
https://awceugene.com/trigger-point-injections/,1,60,1.67%,42.63
https://awceugene.com/chiropractic-care/,1,14,7.14%,15.36
https://awceugene.com/thank-you/,1,1,100%,8
https://awceugene.com/contact/,0,249,0%,5.01
https://awceugene.com/appointments/,0,187,0%,5.18
https://awceugene.com/conditions/,0,156,0%,10.67
https://awceugene.com/physical-therapy/,0,144,0%,6.97
https://awceugene.com/knee-pain/,0,98,0%,7.16
https://awceugene.com/shoulder-pain/,0,29,0%,9.62
https://awceugene.com/spinal-decompression/,0,27,0%,25.85
https://awceugene.com/joint-pain/,0,24,0%,10.12
https://awceugene.com/whiplash/,0,18,0%,8.78
https://awceugene.com/nutritional-ivs/,0,16,0%,27.56
https://awceugene.com/auto-injury/,0,13,0%,15.69
https://awceugene.com/accessibility/,0,7,0%,35
https://awceugene.com/privacy-policy/,0,6,0%,36.67
https://awceugene.com/hormonal-imbalance/,0,6,0%,37
https://awceugene.com/wp-content/uploads/2023/10/AWC-NP-Paperwork-For-Website-10.11.23.pdf,0,5,0%,10.2
https://awceugene.com/neck-pain/,0,4,0%,37.75
https://awceugene.com/sitemap/,0,3,0%,7
https://awceugene.com/?cat=-1/page/13/page/2/,0,1,0%,7
https://awceugene.com/?cat=-1/page/2/,0,1,0%,17