Top queries,Clicks,Impressions,CTR,Position
absolute wellness,8,68,11.76%,4.19
absolute wellness center,7,46,15.22%,3.48
absolute wellness eugene,5,22,22.73%,1.55
absolute wellness center eugene,3,12,25%,1.42
wellness center eugene,2,22,9.09%,4.41
absolute health medical center,1,23,4.35%,14.17
absolute health and wellness,1,5,20%,3
bioidentical hormone replacement therapy near me,1,3,33.33%,3.33
skin biopsy for small fiber neuropathy near me,1,1,100%,5
abdolute well ess,0,53,0%,1.55
absolute health,0,46,0%,7.04
bioidentical hormones eugene oregon,0,41,0%,2.17
medical weight loss near me,0,39,0%,13.28
medical weight loss clinic near me,0,33,0%,16.3
joint injections near me,0,29,0%,52.34
"eugene, or medical weight loss clinics",0,21,0%,11.62
medical weight loss eugene or,0,20,0%,10.45
what causes joint pain,0,20,0%,10.7
"best weight loss clinic eugene, or",0,20,0%,12.05
peripheral neuropathy clinic near me,0,18,0%,10.94
neuropathy therapy near me,0,18,0%,11.17
"medical weight loss prescriptions eugene, or",0,17,0%,9.71
medical weight loss clinic eugene,0,17,0%,11.59
neuropathy screening near me,0,17,0%,13.94
shoulder pain relief eugene,0,17,0%,23.53
bioidentical hormone therapy bend,0,17,0%,85.65
"medical weight loss clinc eugene, or",0,16,0%,5.25
"eugene, or best weight loss clinic",0,16,0%,8.12
"eugene, or medical weight loss",0,15,0%,6.67
absolute health eugene,0,15,0%,6.93
"eugene, or weight loss medical clinic",0,15,0%,8.53
ozempic weight loss program near me,0,15,0%,13.33
neuropathy centers near me,0,15,0%,13.6
"eugene, or weight loss clinics",0,15,0%,14.93
"medical weight loss eugene, or",0,14,0%,3.5
prescription medical weight loss eugene or,0,14,0%,4.5
"eugene, or medical weight loss clinic",0,14,0%,6.43
"eugene, or weight loss medical center",0,14,0%,6.43
"best weight loss center eugene, or",0,14,0%,7
neuropathy treatment near me,0,14,0%,10.14
peripheral neuropathy treatment near me,0,14,0%,10.57
"compounded injections for weight control eugene, or",0,14,0%,18.93
"medical weight loss program eugene, or",0,13,0%,4.08
"medical weight loss centers eugene, or",0,13,0%,5.08
"medical weight loss doctor eugene, or",0,13,0%,6.85
"eugene, or weight loss center",0,13,0%,8.62
"eugene, or weight loss clinic",0,13,0%,10.69
"medical weight loss injections eugene, or",0,13,0%,12
"compounded glp-1 weight loss eugene, or",0,13,0%,17.15
"glp-1 medical weight loss doctor eugene, or",0,13,0%,19.69
joint injection clinic,0,13,0%,84.69
"eugene, or weight loss products",0,12,0%,13.92
neuropathy treatment center near me,0,12,0%,15.83
prolotherapy eugene oregon,0,12,0%,22.17
wellness center,0,11,0%,4.18
"glp-1 medical weight loss prescriptions eugene, or",0,11,0%,16.73
joint pain treatment in eugene or,0,11,0%,24.45
eugene wellness center,0,10,0%,5.3
osteolysis treatment in eugene or,0,10,0%,11.3
nerve damage screening near me,0,10,0%,12.3
menopause help eugene,0,10,0%,14.6
back pain relief eugene,0,10,0%,16.4
pain in knee treatment in eugene or,0,9,0%,15.33
weight loss plan eugene or,0,9,0%,16.33
knee pain treatment in eugene or,0,8,0%,7
eugene or menopause assessment,0,8,0%,8.5
bursitis of the knee treatment in eugene or,0,8,0%,9.5
adhesive capsulitis of shoulder treatment in eugene or,0,8,0%,10.62
rheumatoid arthritis treatment in eugene or,0,8,0%,12.75
cryotherapy near me,0,8,0%,19.38
medical weight loss,0,8,0%,19.62
weight loss clinic in oregon,0,8,0%,61.75
osteophyte treatment in eugene or,0,7,0%,7
kneecap bursitis treatment in eugene or,0,7,0%,7.14
basal thumb arthritis treatment in eugene or,0,7,0%,10
patellar tracking disorder treatment in eugene or,0,7,0%,10.29
joint pain near me,0,7,0%,12.57
enthesopathy treatment in eugene or,0,7,0%,12.71
help with menopause symptoms eugene springfield,0,7,0%,13.14
hormone therapy eugene or,0,7,0%,14
iv therapy eugene,0,7,0%,17.86
menopause doctor eugene,0,7,0%,18
treatment for neuropathy in legs and feet near me,0,7,0%,25.14
neck pain relief eugene,0,7,0%,46.86
diabetic neuropathy medford oregon,0,7,0%,50.71
prepatellar bursitis treatment in eugene or,0,6,0%,3.83
osgood-schlatter disease treatment in eugene or,0,6,0%,4.33
the wellness center,0,6,0%,5.33
weight loss clinic eugene,0,6,0%,10.17
weight loss eugene oregon,0,6,0%,12.17
diet programs eugene or,0,6,0%,13
chiropractic eugene,0,6,0%,15.17
knee pain relief eugene,0,6,0%,16.67
dislocation of hip treatment in eugene or,0,6,0%,17.67
chiropractor eugene,0,6,0%,20.83
revitalized wellness eugene,0,6,0%,42.33
trigger point injections clinic,0,6,0%,67.67
natural pain relief in oregon,0,6,0%,77.17
regenerative medicine eugene,0,5,0%,1.2
diabetic neuropathy treatment eugene,0,5,0%,6.6
knee treatment in eugene or,0,5,0%,7
baker's cyst treatment in eugene or,0,5,0%,7.6
medical weight loss eugene,0,5,0%,7.8
wellness clinic,0,5,0%,8
iliotibial band syndrome treatment in eugene or,0,5,0%,8.8
osteochondritis dissecans treatment in eugene or,0,5,0%,10.8
shoulder dislocation treatment in eugene or,0,5,0%,12.6
varus deformity treatment in eugene or,0,5,0%,12.6
chondromalacia treatment in eugene or,0,5,0%,13.2
semaglutide weight loss near me,0,5,0%,13.8
bursitis of the shoulder treatment in eugene or,0,5,0%,18
trigger point injection near me,0,5,0%,18.2
belly fat hormone imbalance eugene,0,5,0%,21.2
rotator cuff strain treatment in eugene or,0,5,0%,30.6
alternative medicine clinic near me,0,5,0%,46.4
neuropathy treatment eugene,0,4,0%,1.25
wellness medical,0,4,0%,3
knee pain therapy eugene,0,4,0%,3.25
subluxation of patella treatment in eugene or,0,4,0%,5.5
whiplash physical therapy eugene,0,4,0%,5.5
"joint injections in eugene, oregon",0,4,0%,9.5
transient synovitis treatment in eugene or,0,4,0%,12
absolute weight loss,0,4,0%,13.25
eugene or chiropractor,0,4,0%,18.25
semaglutide weight loss clinic near me,0,4,0%,22.5
hormone therapy for men eugene,0,4,0%,22.75
frozen shoulder treatment in eugene or,0,4,0%,24
weight loss clinic,0,4,0%,25.5
gangrene treatment in eugene or,0,4,0%,27.25
male hormone specialist eugene,0,4,0%,29.25
benessere chiropractic,0,4,0%,32.75
pain relief injections near me,0,4,0%,41
"hormone therapy for women medford, or",0,4,0%,75.75
neuropathy van nuys,0,4,0%,83.5
neuropathy lubbock,0,4,0%,85
trigger point injections clinic oregon,0,3,0%,1.67
wellness services in eugene,0,3,0%,2.67
diabetic neuropathy treatment near me,0,3,0%,4.33
absolute wellness centers,0,3,0%,5.33
semaglutide eugene,0,3,0%,6.33
patellar tendinitis treatment in eugene or,0,3,0%,7
car accident physical therapy eugene,0,3,0%,8
hormone doctor,0,3,0%,10.67
shoulder impingement syndrome treatment in eugene or,0,3,0%,11.33
finger dislocation treatment in eugene or,0,3,0%,12.67
rheumatoid nodule treatment in eugene or,0,3,0%,17
meniscus tear treatment in eugene or,0,3,0%,19
emsculpting near me,0,3,0%,19.33
low energy men hormone clinic eugene,0,3,0%,19.33
mva physical therapy eugene,0,3,0%,19.67
broken shoulder treatment in eugene or,0,3,0%,20.33
pain management eugene or,0,3,0%,20.33
chiropractor eugene oregon,0,3,0%,21
"compounded glp-1 injections eugene, or",0,3,0%,24.67
eugene coolsculpting,0,3,0%,26.33
eugene chiropractors,0,3,0%,27.67
sacroiliac joint pain treatment in eugene or,0,3,0%,28
gout treatment in eugene or,0,3,0%,31
men’s wellness clinic eugene,0,3,0%,36.67
pain specialist eugene oregon,0,3,0%,37
shoulder separation treatment in eugene or,0,3,0%,41
trt eugene,0,3,0%,44.67
neuropathy treatment portland or,0,3,0%,51
trigger point injections near me,0,3,0%,51.33
integrative medicine clinic eugene,0,3,0%,58.33
regenerative wellness center,0,3,0%,61.33
osteoarthritis knee treatment oregon,0,3,0%,72.33
bioidentical hormones portland oregon,0,3,0%,95.33
neuropathy clinics,0,2,0%,1.5
neuropathy clinic,0,2,0%,3
regenerative medicine near me,0,2,0%,3
wellness center near me,0,2,0%,3
neuropathy doctor near me,0,2,0%,3.5
accident medical,0,2,0%,4
knee pain treatment eugene,0,2,0%,4
bursitis of shoulder treatment in eugene or,0,2,0%,5.5
peripheral neuropathy specialist,0,2,0%,6.5
absolute medical center,0,2,0%,7
absoulute wellness,0,2,0%,7
absolute fitness,0,2,0%,7.5
absolute medical,0,2,0%,7.5
joint pain treatment near me,0,2,0%,7.5
nerve specialist,0,2,0%,7.5
absolute pain relief,0,2,0%,8
nerve pain doctor,0,2,0%,8
knee pain treatment near me,0,2,0%,9.5
rotator cuff injuries treatment in eugene or,0,2,0%,11
peripheral neuropathy treatment salem or,0,2,0%,13.5
iv therapy near me,0,2,0%,14.5
absolute life wellness,0,2,0%,15
eugene chiropractic,0,2,0%,17.5
hormone therapy clinic,0,2,0%,18
laser therapy eugene,0,2,0%,18.5
back pain treatment eugene,0,2,0%,19
weight loss injections eugene,0,2,0%,20.5
absolute health regenerative clinic,0,2,0%,21
where to get trigger point injections near me,0,2,0%,22
peroneal tendinitis treatment in eugene or,0,2,0%,22.5
"compounded glp-1 eugene, or",0,2,0%,23
trigger finger treatment in eugene or,0,2,0%,23
absolute weight loss clinic,0,2,0%,26.5
radial tunnel syndrome treatment in eugene or,0,2,0%,26.5
hyaluronic acid joint injection near me,0,2,0%,27.5
ozempic near me,0,2,0%,29
carpal tunnel syndrome treatment in eugene or,0,2,0%,30.5
comprehensive physical therapy eugene,0,2,0%,30.5
prescription medical weight loss salem or,0,2,0%,31.5
trt eugene oregon,0,2,0%,32
absolute automotive eugene,0,2,0%,33
absolute automotive eugene oregon,0,2,0%,33
male hormone doctor eugene,0,2,0%,34
absolute spine and health,0,2,0%,35
absolute physical therapy and fitness,0,2,0%,36
men’s health and wellness eugene,0,2,0%,37
private medical clinic for men eugene,0,2,0%,37
holistic medicine near me,0,2,0%,38
back to strength eugene,0,2,0%,40
coolsculpting eugene,0,2,0%,41.5
oregon decompression therapy,0,2,0%,41.5
trigger point injections for myofascial pain salem,0,2,0%,47
patellofemoral pain syndrome treatment in eugene or,0,2,0%,51
willamette valley wellness,0,2,0%,52
semaglutide near me,0,2,0%,52.5
balance in health eugene,0,2,0%,56
rehab for hip pain eugene,0,2,0%,58.5
physical therapist eugene,0,2,0%,61
bio identical hormone therapy near me,0,2,0%,69
bioidentical hormone therapy salem,0,2,0%,74
oregon wellness and laser center,0,2,0%,80
trigger point injections athens,0,2,0%,89.5
bioidentical hormone replacement coeur d'alene,0,2,0%,93.5
absolute wellness clinic,0,1,0%,1
absolute wellness eugene oregon,0,1,0%,1
back on trac decompression near me,0,1,0%,1
pain management injections for back,0,1,0%,1
physical therapy eugene oregon,0,1,0%,1
ultrasound guided cortisone injection near me,0,1,0%,1
wellness appointment,0,1,0%,1
bio identical hormone replacement therapy near me,0,1,0%,2
doctor for neuropathy,0,1,0%,2
regenerative chiropractic,0,1,0%,2
wellness near me,0,1,0%,2
health wellness,0,1,0%,4
chiropractic wellness center,0,1,0%,5
dislocation of patella treatment in eugene or,0,1,0%,5
nerve damage doctor,0,1,0%,5
ozempic for weight loss near me,0,1,0%,5
phentermine clinic near me,0,1,0%,5
premiere wellness,0,1,0%,5
spinal decompression therapy near me,0,1,0%,5
wellness medicine,0,1,0%,5
welness center,0,1,0%,5
absolute healthcare,0,1,0%,6
health & wellness center,0,1,0%,6
nerve conduction study near me,0,1,0%,6
small fiber neuropathy specialist near me,0,1,0%,6
absolute wellness chiropractic,0,1,0%,7
eugene wellness,0,1,0%,7
women's hormone clinic,0,1,0%,7
peripheral neuropathy specialists,0,1,0%,8
weight loss medication near me,0,1,0%,8
auto injury clinic,0,1,0%,9
complex tear of medial meniscus treatment in eugene or,0,1,0%,9
doctor for hormone therapy,0,1,0%,9
nerve doctors,0,1,0%,9
nerve testing near me,0,1,0%,9
wellness solutions,0,1,0%,9
eugene weight loss,0,1,0%,10
foot neuropathy treatment near me,0,1,0%,10
stem cell therapy,0,1,0%,10
tear of medial meniscus treatment in eugene or,0,1,0%,10
causes of joint pain,0,1,0%,11
menopause counseling near me,0,1,0%,11
pain clinic no referral near me,0,1,0%,11
rotator cuff tear treatment in eugene or,0,1,0%,11
best neuropathy doctors near me,0,1,0%,12
energy and fatigue treatment for men eugene,0,1,0%,12
hormone replacement doctor,0,1,0%,12
range medical,0,1,0%,12
weight loss eugene or,0,1,0%,12
boutonniere deformity treatment in eugene or,0,1,0%,13
weight loss clinic eugene or,0,1,0%,14
populace wellness,0,1,0%,17
semaglutide injection near me,0,1,0%,17
chiropractor 97404,0,1,0%,18
joint replacement near me,0,1,0%,18
absolute physical therapy,0,1,0%,19
bioidentical hormones near me,0,1,0%,19
chiropractor in eugene,0,1,0%,19
eugene oregon chiropractor,0,1,0%,19
stemwave therapy near me,0,1,0%,19
hormone doctor near me,0,1,0%,20
chiropractors eugene oregon,0,1,0%,21
men’s hormone clinic eugene,0,1,0%,22
chiropractic eugene oregon,0,1,0%,24
absolute health clinic,0,1,0%,25
chiropractor near me,0,1,0%,25
eugene pain management,0,1,0%,25
iv hydration near me,0,1,0%,25
biceps strain treatment in eugene or,0,1,0%,26
pain management eugene,0,1,0%,26
eugene spinal care,0,1,0%,27
subluxation of hip treatment in eugene or,0,1,0%,27
chiropractors in eugene,0,1,0%,28
ganglion treatment in eugene or,0,1,0%,28
onychogryphosis treatment in eugene or,0,1,0%,28
absolute chiropractic and wellness,0,1,0%,29
best chiropractor eugene,0,1,0%,29
snapping hip treatment in eugene or,0,1,0%,29
oregon weight loss,0,1,0%,30
trigger thumb treatment in eugene or,0,1,0%,31
rma eugene,0,1,0%,32
absolute treatment,0,1,0%,33
absolute laser md eugene,0,1,0%,34
absolutewellness,0,1,0%,34
discreet men’s health clinic eugene,0,1,0%,35
restore wellness eugene,0,1,0%,35
the oregon wellness center,0,1,0%,35
knee steroid injection near me,0,1,0%,36
healcove chiropractic,0,1,0%,37
cellulitis of toe treatment in eugene or,0,1,0%,38
pain in foot treatment in eugene or,0,1,0%,38
healcove clinic,0,1,0%,40
oregon medical weight loss,0,1,0%,40
weight loss center near me,0,1,0%,40
best menopause doctor in eugene,0,1,0%,42
naturopath eugene,0,1,0%,42
neuropathy in portland or,0,1,0%,44
eugene chiropractor,0,1,0%,45
trigger point injections salem or,0,1,0%,45
turning point eugene,0,1,0%,45
weight loss treatments near me,0,1,0%,45
medical weight loss salem or,0,1,0%,46
naturopathic pain therapy,0,1,0%,46
testosterone replacement therapy eugene,0,1,0%,46
weight loss salem oregon,0,1,0%,46
weight loss specialist near me,0,1,0%,46
absolute integrated health,0,1,0%,49
"physical therapy country club road, eugene",0,1,0%,50
trigger point injections riverview,0,1,0%,50
naturopath eugene oregon,0,1,0%,51
elbow treatment in eugene or,0,1,0%,54
absolute laser md,0,1,0%,55
bioidentical androgen replacement salem or,0,1,0%,55
physical therapy in eugene or,0,1,0%,56
bio identical hormone treatment near me,0,1,0%,58
absolute wellness spa,0,1,0%,59
functional medicine eugene oregon,0,1,0%,59
absolute pt,0,1,0%,60
hyperbaric chamber eugene,0,1,0%,60
active chiropractic eugene,0,1,0%,61
joint replacement in eugene or,0,1,0%,62
absolute laser,0,1,0%,66
new wellness center near me,0,1,0%,69
a healing space eugene,0,1,0%,70
coolsculpting eugene or,0,1,0%,73
body of light eugene,0,1,0%,74
testosterone therapy eugene,0,1,0%,75
absolute health care,0,1,0%,76
"weight loss injections medford, or",0,1,0%,77
joint injections milford,0,1,0%,81
botox trigger point injections near me,0,1,0%,85
bioidentical hormone replacement therapy doctors near me,0,1,0%,86
absolute wellness pharmacy,0,1,0%,92
eugene back injury attorney,0,1,0%,93
weight loss salem or,0,1,0%,93
bioidentical hormones wilmette,0,1,0%,99
types of hormone imbalance,0,1,0%,99
trigger point injections wexford,0,1,0%,100